Wall time,Step,Value
1733183269.350699,5,-1.0
1733183269.489471,6,0.0
1733183270.255007,11,-1.0
1733183270.698784,14,-1.0
1733183270.8537338,15,0.0
1733183271.307321,18,0.0
1733183271.605616,20,0.02857142873108387
1733183272.195393,24,0.0
1733183274.017514,36,0.0
1733183274.63597,40,0.0
1733183274.940684,42,0.0
1733183275.23764,44,-1.0
1733183275.389801,45,0.0
1733183275.696648,47,-1.0
1733183276.617344,53,-1.0
1733183276.7978501,54,0.0
1733183276.948732,55,0.0
1733183277.101589,56,0.04285714402794838
1733183277.261746,57,0.0
1733183278.4836211,65,0.010101010091602802
1733183278.959441,68,-1.0
1733183279.416785,71,-1.0
1733183279.581592,72,0.0
1733183279.73436,73,0.0
1733183279.888739,74,0.02521008439362049
1733183280.701791,79,0.0
1733183281.937665,87,0.0
1733183282.086038,88,0.0
1733183283.008685,94,0.0
1733183284.241787,102,0.0
1733183284.715151,105,0.0
1733183284.876544,106,0.0
1733183285.982971,113,-1.0
1733183286.4490318,116,-1.0
1733183286.760206,118,0.0
1733183288.032001,126,0.0
1733183288.47431,129,0.0
1733183288.629527,130,0.0
1733183290.052025,139,0.0
1733183290.38423,141,0.0
1733183290.536879,142,0.0
1733183290.694596,143,-1.0
1733183291.811073,150,0.0
1733183292.608554,155,-1.0
1733183292.927435,157,0.0
1733183293.079375,158,-1.0
1733183293.711998,162,0.0
1733183294.528883,167,-1.0
1733183294.6908312,168,0.0
1733183295.185865,171,0.0555555559694767
1733183296.1565099,177,0.0
1733183296.319584,178,0.0
1733183296.6454039,180,0.0
1733183297.1340969,183,0.0
1733183297.4496589,185,0.046875
1733183297.609771,186,0.0
1733183297.921715,188,0.0
1733183298.2333922,190,0.0
1733183298.398276,191,-1.0
1733183299.580218,198,0.0
1733183300.846873,206,-1.0
1733183301.009171,207,0.0
1733183301.1728928,208,0.0
1733183301.854401,212,0.0
1733183303.466707,222,0.0
1733183303.631108,223,0.0
1733183303.958325,225,0.0
1733183304.613426,229,0.0
1733183305.080769,232,0.01149425283074379
1733183305.2384121,233,0.0
1733183305.399681,234,0.0
1733183305.891586,237,0.0
1733183307.744213,249,0.0
1733183308.722882,255,0.0
1733183309.202723,258,0.0
1733183309.515169,260,-1.0
1733183309.673425,261,0.0
1733183309.991502,263,-1.0
1733183310.612413,267,0.0
1733183311.2191942,271,0.0
1733183311.534772,273,0.0
1733183312.326279,278,-1.0
1733183314.574641,292,0.0
1733183315.386434,297,0.0714285746216774
1733183315.5478232,298,0.0
1733183316.198832,302,-1.0
1733183316.345113,303,0.0
1733183317.003448,307,0.0
1733183317.164244,308,-1.0
1733183317.484124,310,0.0
1733183318.0471559,313,0.0
1733183318.866079,318,0.0
1733183319.0224152,319,0.0
1733183319.1915572,320,-1.0
1733183320.005663,325,0.0
1733183320.176743,326,-1.0
1733183320.336857,327,0.0
1733183320.826108,330,0.0
1733183322.362566,339,0.0
1733183322.692023,341,-1.0
1733183323.686134,347,-1.0
1733183324.78339,353,0.0
1733183324.952014,354,0.0
1733183325.939688,360,0.0
1733183326.43444,363,0.0
1733183327.111844,367,0.0
1733183327.73617,371,-1.0
1733183328.056076,373,0.0
1733183328.701113,377,-1.0
1733183328.8618371,378,0.0
1733183329.029845,379,0.07692307978868484
1733183329.3786619,381,0.0
1733183330.180927,386,-1.0
1733183330.985766,391,0.020270269364118576
1733183331.164306,392,0.020408162847161293
1733183331.335767,393,0.0
1733183333.738219,408,0.0
1733183334.8624,415,0.0
1733183335.8104908,421,0.0
1733183335.963221,422,-1.0
1733183336.27616,424,0.0
1733183336.5835679,426,0.0
1733183337.195704,430,0.0
1733183338.583905,439,0.0
1733183338.9105,441,0.012500000186264515
1733183339.0749629,442,0.00657894741743803
1733183339.548161,445,0.0
1733183340.5135958,451,0.0
1733183341.795255,459,0.0
1733183341.953491,460,0.0
1733183342.425544,463,0.0
1733183342.588277,464,-1.0
1733183344.034585,473,-1.0
1733183344.193429,474,0.0
1733183345.9500659,485,0.0
1733183346.436484,488,-1.0
1733183346.5970821,489,0.0
1733183346.915654,491,-1.0
1733183347.231371,493,0.0
1733183349.403465,507,0.0
1733183350.179421,512,-1.0
1733183350.490759,514,0.0
1733183350.960547,517,0.0
1733183351.2609751,519,0.0
1733183352.052442,524,-1.0
1733183352.210481,525,0.0
1733183353.174716,531,0.0
1733183353.481673,533,-1.0
1733183353.635675,534,0.0
1733183353.950006,536,-1.0
1733183354.110396,537,0.0
1733183354.601325,540,0.0
1733183354.9199429,542,-1.0
1733183355.696827,547,0.0
1733183355.846816,548,-1.0
1733183357.318885,557,-1.0
1733183357.638592,559,0.0
1733183358.255467,563,-1.0
1733183358.4158049,564,0.0
1733183358.5757592,565,0.0
1733183359.224552,569,-1.0
1733183359.863161,573,0.0
1733183360.0219588,574,0.0
1733183360.503592,577,0.0
1733183360.837226,579,0.0
1733183361.000854,580,0.0
1733183361.1638038,581,-1.0
1733183361.334102,582,0.0
1733183361.4964821,583,0.0
1733183361.66633,584,-1.0
1733183362.006647,586,0.0
1733183362.1725912,587,-1.0
1733183363.006242,592,0.0
1733183363.15517,593,-1.0
1733183363.793151,597,0.0
1733183364.283571,600,0.0
1733183364.598778,602,-1.0
1733183365.547643,608,-1.0
1733183365.863234,610,0.0
1733183366.658551,615,0.0
1733183367.3009121,619,0.0
1733183367.454759,620,-1.0
1733183367.766219,622,0.0
1733183369.702739,634,0.0
1733183370.8328252,641,-1.0
1733183370.998409,642,0.0
1733183371.3241742,644,-1.0
1733183371.484417,645,0.0
1733183371.6370718,646,0.0
1733183371.803705,647,-1.0
1733183372.11518,649,0.0
1733183372.620874,652,0.0
1733183373.243566,656,-1.0
1733183373.4026592,657,0.0
1733183374.120747,661,0.0
1733183374.603481,664,0.057851240038871765
1733183375.262541,668,-1.0
1733183375.76637,671,-1.0
1733183375.920479,672,0.0
1733183376.0814888,673,0.0
1733183376.24273,674,-1.0
1733183376.400352,675,0.0
1733183376.715341,677,-1.0
1733183376.887748,678,0.07692307978868484
1733183377.0343082,679,0.0
1733183377.512025,682,0.0
1733183377.6679869,683,-1.0
1733183377.8256829,684,0.0
1733183378.138846,686,-1.0
1733183378.45596,688,0.0
1733183378.614629,689,-1.0
1733183379.741102,696,0.0
1733183380.220275,699,0.0
1733183380.850403,703,0.0
1733183381.33366,706,0.0
1733183381.651436,708,0.0
1733183381.9732969,710,-1.0
1733183382.636085,714,0.10769230872392654
1733183383.288619,718,0.0
1733183383.7663,721,0.0317460335791111
1733183383.931125,722,-1.0
1733183384.083148,723,0.0
1733183384.246849,724,0.0
1733183385.208289,730,0.0
1733183386.171946,736,0.0
1733183386.492861,738,0.0
1733183386.6374989,739,0.0
1733183387.2675688,743,-1.0
1733183387.760763,746,-1.0
1733183387.931007,747,0.0
1733183388.42239,750,0.0
1733183388.5772989,751,0.0
1733183388.743927,752,0.0
1733183389.060443,754,0.0
1733183389.377082,756,0.0
1733183390.337165,762,0.0
1733183390.818998,765,0.0
1733183390.976753,766,0.0
1733183391.457398,769,0.0
1733183391.606394,770,-1.0
1733183391.765601,771,0.0
1733183392.0946019,773,-1.0
1733183392.2580009,774,0.0
1733183393.235853,780,0.0
1733183393.862695,784,0.0
1733183394.0288231,785,-1.0
1733183394.357395,787,0.0
1733183394.665924,789,0.0
1733183394.989752,791,-1.0
1733183395.145469,792,0.0
1733183395.2971,793,0.0
1733183395.457194,794,-1.0
1733183395.611444,795,0.0
1733183396.083307,798,0.0
1733183396.389482,800,-1.0
1733183396.710718,802,0.0
1733183397.193108,805,0.0
1733183397.518812,807,0.0
1733183397.678663,808,0.0
1733183397.844914,809,-1.0
1733183398.775511,815,-1.0
1733183398.936394,816,0.0
1733183399.278382,818,-1.0
1733183399.751971,821,-1.0
1733183400.387764,825,0.0
1733183400.86897,828,0.0
1733183401.3548942,831,0.0
1733183401.512179,832,0.0
1733183401.834979,834,0.0
1733183402.1848278,836,0.0
1733183402.506958,838,0.0
1733183403.277354,843,0.0
1733183403.7479072,846,0.0
1733183404.072927,848,-1.0
1733183406.505711,863,-1.0
1733183407.1604962,867,0.02521008439362049
1733183407.504659,869,-1.0
1733183407.666602,870,0.0
1733183408.289977,874,0.0
1733183408.610722,876,0.0
1733183408.773673,877,0.0
1733183409.259003,880,0.0
1733183409.561837,882,0.0
1733183409.8850172,884,-1.0
1733183410.3639538,887,-1.0
1733183410.676316,889,0.0
1733183410.837447,890,-1.0
1733183411.1463182,892,0.0
1733183411.8005528,896,-1.0
1733183412.424478,900,0.0
1733183413.507531,907,0.0
1733183413.671757,908,-1.0
1733183413.826954,909,0.0
1733183413.991841,910,0.0
1733183414.317375,912,0.0
1733183414.791241,915,0.0
1733183414.9523861,916,0.0
1733183415.110851,917,-1.0
1733183415.600142,920,-1.0
1733183415.769333,921,0.0
1733183415.919913,922,0.0
1733183416.096564,923,-1.0
1733183417.400748,931,0.0
1733183417.5671911,932,-1.0
1733183418.064538,935,-1.0
1733183419.187022,942,0.0
1733183419.670701,945,0.0
1733183420.9455721,953,-1.0
1733183421.096766,954,0.0
1733183421.425981,956,0.0
1733183421.611181,957,0.0
1733183421.769577,958,0.0
1733183422.289658,961,0.0
1733183422.457721,962,-1.0
1733183422.788325,964,0.0892857164144516
1733183423.120034,966,0.0
1733183423.940466,971,-1.0
1733183424.153038,972,0.0
1733183424.780096,976,0.0
1733183424.941802,977,-1.0
1733183425.104235,978,0.2222222238779068
1733183425.267825,979,0.0
1733183425.755834,982,0.0
1733183425.9121768,983,-1.0
1733183426.070771,984,0.0
1733183426.5497532,987,0.0
1733183426.716737,988,0.0
1733183428.005565,996,0.0
1733183428.622206,1000,0.0
1733183428.965388,1002,0.0
1733183429.29289,1004,-1.0
1733183429.4501371,1005,0.0
1733183429.930358,1008,0.0
1733183430.40208,1011,0.0
1733183430.5496562,1012,0.0
1733183430.7021089,1013,-1.0
1733183430.864701,1014,0.0
1733183431.331728,1017,0.0
1733183432.660765,1025,-1.0
1733183433.019883,1027,0.0
1733183433.351619,1029,0.0
1733183433.672137,1031,-1.0
1733183433.822365,1032,0.0
1733183434.3134599,1035,0.0
1733183434.627773,1037,-1.0
1733183434.945589,1039,0.0
1733183435.735116,1044,0.0
1733183436.84396,1051,0.0
1733183436.99685,1052,0.0
1733183437.467486,1055,-1.0
1733183437.786304,1057,0.0
1733183438.724919,1063,0.0
1733183438.88416,1064,-1.0
1733183439.19571,1066,0.0
1733183439.513165,1068,0.0
1733183440.152931,1072,0.0
1733183440.813466,1076,-1.0
1733183441.120092,1078,0.0
1733183441.936173,1083,0.0
1733183442.096415,1084,0.0
1733183442.253136,1085,-1.0
1733183443.3812149,1092,0.0833333358168602
1733183443.543197,1093,0.0
1733183444.495137,1099,0.0
1733183445.127088,1103,-1.0
1733183445.276618,1104,0.0
1733183445.432876,1105,0.0
1733183446.9518359,1114,0.0
1733183447.266639,1116,0.0
1733183447.750457,1119,0.0
1733183448.6822882,1125,0.0
1733183448.828741,1126,0.0
1733183449.453849,1130,-1.0
1733183449.928784,1133,-1.0
1733183450.078409,1134,0.0
1733183450.231112,1135,0.0
1733183450.686783,1138,0.0
1733183452.4302468,1149,0.0
1733183452.9024708,1152,0.0
1733183453.385299,1155,0.03333333507180214
1733183453.544897,1156,0.0
1733183453.700693,1157,-1.0
1733183454.172472,1160,-1.0
1733183454.327898,1161,0.0
1733183454.483644,1162,0.0
1733183456.845361,1177,0.0
1733183457.320004,1180,0.0
1733183457.6358678,1182,0.0
1733183457.79037,1183,0.0
1733183458.110187,1185,0.0
1733183458.270331,1186,0.0
1733183458.74096,1189,0.0
1733183459.205888,1192,0.0
1733183459.359094,1193,-1.0
1733183459.656095,1195,0.0
1733183459.9680152,1197,0.0
1733183460.280034,1199,-1.0
1733183460.592406,1201,0.0
1733183461.120333,1204,0.0
1733183461.4190888,1206,0.0
1733183461.73009,1208,-1.0
1733183462.043969,1210,0.0
1733183462.359942,1212,0.0
1733183462.6789088,1214,-1.0
1733183464.277471,1224,0.0
1733183464.921398,1228,0.0
1733183465.564425,1232,-1.0
1733183465.7256992,1233,0.0
1733183465.8785658,1234,0.0
1733183466.178236,1236,0.0
1733183466.6315148,1239,0.0
1733183467.10448,1242,0.0
1733183467.429653,1244,-1.0
1733183467.915013,1247,-1.0
1733183468.885411,1253,-1.0
1733183469.203579,1255,0.0
1733183469.534013,1257,0.0
1733183469.6920698,1258,0.0
1733183470.175047,1261,0.0
1733183470.342217,1262,-1.0
1733183470.525612,1263,0.190476194024086
1733183471.0082629,1266,0.0
1733183472.311127,1274,-1.0
1733183473.122637,1279,0.020270269364118576
1733183473.449753,1281,0.0
1733183474.419996,1287,0.0
1733183475.071429,1291,0.0
1733183475.2354822,1292,-1.0
1733183475.384925,1293,0.0
1733183475.5572171,1294,0.0
1733183476.525183,1300,0.0
1733183477.007282,1303,0.0
1733183478.112465,1310,-1.0
1733183478.430609,1312,0.0
1733183478.8817742,1315,0.0
1733183479.041264,1316,-1.0
1733183479.54406,1319,-1.0
1733183479.704424,1320,0.0
1733183480.508207,1325,-1.0
1733183480.67083,1326,0.0
1733183480.836421,1327,0.0
1733183481.306458,1330,0.0
1733183481.777183,1333,0.0
1733183481.940306,1334,-1.0
1733183482.10515,1335,0.0
1733183482.266125,1336,0.0
1733183482.4278579,1337,-1.0
1733183483.409135,1343,0.0
1733183484.349458,1349,0.0
1733183485.272245,1355,-1.0
1733183485.9015381,1359,0.0
1733183486.2220218,1361,-1.0
1733183487.014556,1366,0.0
1733183487.650497,1370,-1.0
1733183488.750891,1377,0.0
1733183489.0814312,1379,-1.0
1733183489.575794,1382,-1.0
1733183489.921987,1384,0.0
1733183490.085088,1385,-1.0
1733183490.592861,1388,-1.0
1733183490.75804,1389,0.0
1733183491.0846279,1391,-1.0
1733183491.238091,1392,0.0
1733183491.7111318,1395,0.0
1733183494.444597,1412,-1.0
1733183494.602924,1413,0.0
1733183494.7658298,1414,0.0
1733183494.9229598,1415,0.1785714328289032
1733183495.55541,1419,0.0
1733183496.0427809,1422,0.0
1733183496.675607,1426,0.0
1733183496.831806,1427,0.0
1733183496.9937909,1428,0.0
1733183497.631464,1432,0.0
1733183497.800048,1433,0.0
1733183497.968399,1434,0.0
1733183498.295112,1436,-1.0
1733183498.629819,1438,0.0
1733183498.947607,1440,0.0
1733183499.26938,1442,-1.0
1733183500.571661,1450,0.0
1733183501.374284,1455,0.050724636763334274
1733183501.531683,1456,0.0
1733183503.007636,1465,0.0
1733183503.170736,1466,0.0
1733183504.982811,1477,0.0
1733183505.75858,1482,0.0
1733183506.240294,1485,0.0
1733183506.407307,1486,0.05607476457953453
1733183506.891427,1489,0.0555555559694767
1733183507.208894,1491,0.0
1733183507.3682659,1492,0.0
1733183508.680297,1500,0.012345679104328156
1733183508.845579,1501,0.0
1733183509.0059378,1502,-1.0
1733183509.175283,1503,0.03125
1733183509.6783519,1506,0.0
1733183510.006005,1508,-1.0
1733183510.170608,1509,0.0
1733183510.340786,1510,0.0
1733183511.6911108,1518,0.10869564861059189
1733183512.521624,1523,-1.0
1733183512.6895082,1524,0.0
1733183513.1760519,1527,0.0
1733183514.384875,1534,0.0
1733183514.6971421,1536,0.0
1733183516.347192,1546,0.0
1733183517.142577,1551,0.0
1733183517.306931,1552,0.04545454680919647
1733183517.636649,1554,0.0
1733183517.793639,1555,0.0
1733183518.766252,1561,0.0
1733183518.926068,1562,-1.0
1733183519.941684,1568,-1.0
1733183520.112828,1569,0.0
1733183521.677275,1578,0.0
1733183522.316424,1582,0.0625
1733183522.641931,1584,0.0
1733183523.287391,1588,0.06896551698446274
1733183524.651702,1597,0.0
1733183524.979087,1599,0.03125
1733183525.461408,1602,0.0
1733183525.793343,1604,-1.0
1733183525.9398882,1605,0.0
1733183526.6727831,1610,0.016393441706895828
1733183527.143769,1613,-1.0
1733183527.955318,1618,0.0
1733183528.277287,1620,0.0
1733183528.846296,1624,0.0
1733183529.139764,1626,0.01666666753590107
1733183529.297933,1627,0.0
1733183529.4691699,1628,-1.0
1733183529.8104472,1630,0.0
1733183530.1521778,1632,0.03846153989434242
1733183530.9296021,1637,-1.0
1733183531.381471,1640,-1.0
1733183531.687754,1642,0.0
1733183532.182963,1645,0.0
1733183532.6876302,1648,0.0
1733183533.285367,1652,-1.0
1733183533.716436,1655,-1.0
1733183534.362586,1659,0.0
1733183534.5352268,1660,0.0
1733183534.6965702,1661,-1.0
1733183535.7615948,1668,0.0
1733183536.056731,1670,-1.0
1733183536.3868742,1672,0.0
1733183536.9087949,1675,0.0
1733183537.0822332,1676,-1.0
1733183538.007492,1682,-1.0
1733183538.1720362,1683,0.0
1733183538.8223512,1687,0.0
1733183539.511897,1691,-1.0
1733183540.01928,1694,-1.0
1733183540.17094,1695,0.0
1733183540.322266,1696,0.125
1733183540.480034,1697,0.03448275849223137
1733183540.7836459,1699,0.0
1733183541.2967029,1702,0.025641025975346565
1733183542.433804,1709,-1.0
1733183542.587305,1710,0.0
1733183543.372205,1715,-1.0
1733183543.722928,1717,0.0
1733183543.892919,1718,-1.0
1733183544.063925,1719,0.0
1733183545.4375029,1728,0.0
1733183546.114254,1732,0.0
1733183546.284987,1733,-1.0
1733183546.452907,1734,0.0
1733183546.625949,1735,0.1015625
1733183546.915158,1737,0.0
1733183547.6714911,1742,-1.0
1733183547.8178968,1743,0.0
1733183548.172907,1745,-1.0
1733183548.351093,1746,0.0
1733183548.529195,1747,0.0
1733183549.01744,1750,0.0
1733183549.345896,1752,0.0
1733183549.497826,1753,0.0
1733183549.6694882,1754,-1.0
1733183551.165807,1763,-1.0
1733183551.625998,1766,-1.0
1733183553.105391,1775,-1.0
1733183554.0519621,1781,-1.0
1733183554.209395,1782,0.09756097197532654
1733183555.189623,1788,0.0
1733183555.3591611,1789,0.0
1733183555.5125031,1790,-1.0
1733183555.8472772,1792,0.0
1733183556.706848,1798,0.0
1733183557.65744,1804,0.0
1733183557.827394,1805,-1.0
1733183559.0430431,1813,0.0
1733183559.190849,1814,-1.0
1733183559.702899,1817,-1.0
1733183560.200316,1820,-1.0
1733183560.801791,1824,0.0
1733183561.089565,1826,-1.0
1733183561.698594,1830,0.0
1733183562.670496,1836,0.0
1733183563.251341,1840,0.0
1733183563.3942752,1841,0.125
1733183563.8527439,1844,-1.0
1733183564.180264,1846,0.0
1733183564.678539,1849,0.0
1733183565.315702,1853,-1.0
1733183565.587253,1855,0.0
1733183565.8987288,1857,0.0
1733183566.0422552,1858,0.0
1733183566.187844,1859,-1.0
1733183567.33218,1866,0.0
1733183567.6293042,1868,-1.0
1733183567.773716,1869,0.0
1733183568.6589289,1875,0.0
1733183568.828464,1876,0.0
1733183568.977474,1877,-1.0
1733183569.302743,1879,0.0
1733183569.641216,1881,0.0
1733183571.5579882,1893,0.0
1733183572.911605,1902,0.0
1733183573.5415602,1906,0.0
1733183574.372376,1911,0.0
1733183574.5315042,1912,0.0
1733183575.267544,1917,0.0
1733183575.412689,1918,0.0
1733183575.5811899,1919,-1.0
1733183576.2153668,1923,0.0
1733183576.377837,1924,0.0
1733183577.272933,1930,0.0
1733183577.86627,1934,-1.0
1733183578.035991,1935,0.0
1733183578.2018418,1936,0.0
1733183578.532178,1938,0.0
1733183578.689673,1939,0.0
1733183579.462485,1944,0.0
1733183579.92854,1947,0.0
1733183580.24308,1949,-1.0
1733183580.7518861,1952,-1.0
1733183581.263526,1955,-1.0
1733183581.700004,1958,-1.0
1733183581.995692,1960,0.0
1733183582.920867,1966,0.0
1733183583.085376,1967,-1.0
1733183583.408273,1969,0.025974025949835777
1733183583.711074,1971,0.0
1733183585.09994,1980,0.0
1733183585.269427,1981,0.0
1733183585.434603,1982,-1.0
1733183585.595482,1983,0.0
1733183587.7456908,1997,-1.0
1733183588.418744,2001,0.0
1733183589.0540721,2005,0.0
1733183589.21435,2006,-1.0
1733183589.721438,2009,0.03703703731298447
1733183589.8883681,2010,0.0
1733183590.391531,2013,0.0
1733183590.68173,2015,-1.0
1733183590.971236,2017,0.0
1733183591.754349,2022,0.0
1733183592.25223,2025,0.0
1733183592.583113,2027,-1.0
1733183592.753673,2028,0.04918032884597778
1733183593.074833,2030,0.023622047156095505
1733183593.525414,2033,-1.0
1733183593.980066,2036,-1.0
1733183594.31636,2038,0.0
1733183594.8093598,2041,0.0
1733183595.3119628,2044,0.0
1733183595.458551,2045,-1.0
1733183595.883001,2048,-1.0
1733183596.361794,2051,-1.0
1733183597.63902,2059,0.0
1733183597.7987719,2060,-1.0
1733183598.108279,2062,0.0
1733183598.8997629,2067,0.0
1733183599.743662,2072,0.0
1733183599.900471,2073,0.0
1733183600.0477781,2074,0.0
1733183600.338976,2076,0.0
1733183600.488837,2077,0.0
1733183600.7732139,2079,0.0
1733183601.0934982,2081,-1.0
1733183601.586316,2084,0.10000000149011612
1733183601.757066,2085,0.04838709533214569
1733183602.378853,2089,0.0
1733183603.118034,2094,0.0
1733183603.431011,2096,-1.0
1733183604.445717,2102,-1.0
1733183604.588365,2103,0.0
1733183604.7350311,2104,0.0
1733183604.890267,2105,-1.0
1733183605.044745,2106,0.0
1733183605.492696,2109,0.0
1733183605.818933,2111,-1.0
1733183606.313592,2114,-1.0
1733183606.478461,2115,0.0
1733183606.93857,2118,0.2857142984867096
1733183607.2233999,2120,-1.0
1733183607.51125,2122,0.0
1733183607.654646,2123,-1.0
1733183607.805654,2124,0.0
1733183608.457131,2128,0.0
1733183609.087992,2132,-1.0
1733183609.237333,2133,0.0
1733183609.405931,2134,0.0
1733183609.999094,2138,-1.0
1733183610.1702669,2139,0.0
1733183610.492367,2141,-1.0
1733183610.656801,2142,0.0
1733183610.9930398,2144,-1.0
1733183611.155752,2145,0.0
1733183611.2960598,2146,0.0
1733183611.587211,2148,0.0
1733183611.736827,2149,0.0
1733183612.042146,2151,0.0
1733183612.518218,2154,0.0
1733183612.842258,2156,-1.0
1733183613.017567,2157,0.05263157933950424
1733183613.969245,2163,0.0
1733183614.10925,2164,0.0
1733183614.25054,2165,-1.0
1733183614.886952,2169,0.0
1733183615.2229462,2171,-1.0
1733183615.559382,2173,0.0
1733183616.200227,2177,-1.0
1733183617.282615,2184,0.0
1733183617.779187,2187,0.0
1733183618.1166131,2189,-1.0
1733183618.419183,2191,0.0
1733183618.559532,2192,-1.0
1733183619.164355,2196,0.0
1733183619.4953358,2198,-1.0
1733183619.670519,2199,0.0
1733183619.837745,2200,0.0
1733183620.345624,2203,0.0
1733183620.507864,2204,-1.0
1733183620.96108,2207,-1.0
1733183621.102106,2208,0.0
1733183621.559943,2211,0.0
1733183622.058678,2214,0.0
1733183622.7090728,2218,0.0
1733183623.628088,2224,0.0
1733183623.783978,2225,-1.0
1733183624.27297,2228,0.02222222276031971
1733183624.447147,2229,0.0
1733183624.786192,2231,-1.0
1733183625.1165419,2233,0.0
1733183625.259874,2234,-1.0
1733183625.559458,2236,0.0
1733183625.706537,2237,-1.0
1733183626.010716,2239,0.0
1733183626.157459,2240,-1.0
1733183626.316254,2241,0.0
1733183626.4773629,2242,0.0
1733183626.792133,2244,0.0
1733183627.127094,2246,-1.0
1733183627.2965188,2247,0.0
1733183627.9023502,2251,0.0
1733183628.0462809,2252,-1.0
1733183628.333086,2254,0.0
1733183628.7987452,2257,0.0
1733183629.1142159,2259,0.0
1733183629.6068559,2262,0.0
1733183631.499895,2274,0.0535714291036129
1733183632.130879,2278,0.0
1733183632.584878,2281,0.0
1733183633.369278,2286,0.0
1733183633.6910038,2288,-1.0
1733183634.1868951,2291,-1.0
1733183635.087137,2297,-1.0
1733183635.249496,2298,0.0
1733183635.5343208,2300,-1.0
1733183636.025501,2303,-1.0
1733183636.5135841,2306,-1.0
1733183636.668561,2307,0.0
1733183636.8113549,2308,0.0
1733183638.178316,2317,0.0
1733183638.3478432,2318,-1.0
1733183638.511738,2319,0.0
1733183638.682806,2320,0.0
1733183639.0000708,2322,0.0
1733183639.3028228,2324,-1.0
1733183639.751955,2327,-1.0
1733183640.554357,2332,0.0
1733183640.883884,2334,0.0
1733183641.0387561,2335,0.0
1733183641.204899,2336,-1.0
1733183641.3455958,2337,0.0
1733183642.52799,2345,-1.0
1733183644.031989,2354,-1.0
1733183644.804662,2359,0.0
1733183646.109243,2367,0.0
1733183646.268726,2368,0.0
1733183646.7289522,2371,0.0
1733183647.377217,2375,-1.0
1733183647.8522701,2378,-1.0
1733183648.51142,2382,0.0
1733183648.989973,2385,0.0
1733183649.4764931,2388,0.0
1733183649.640547,2389,0.0
1733183649.817225,2390,-1.0
1733183650.160702,2392,0.0
1733183651.477879,2400,0.0
1733183651.8054342,2402,-1.0
1733183652.143339,2404,0.06060606241226196
1733183652.474318,2406,0.0
1733183653.278531,2411,-1.0
1733183654.0133371,2416,0.0
1733183655.3025768,2424,0.18115942180156708
1733183655.467181,2425,0.0714285746216774
1733183655.619091,2426,0.07051282376050949
1733183656.222919,2430,0.0
1733183656.718434,2433,0.0
1733183657.206146,2436,0.0
1733183658.4187799,2444,0.0833333358168602
1733183658.741662,2446,0.0
1733183659.377891,2450,-1.0
1733183659.53216,2451,0.0555555559694767
1733183659.6982841,2452,0.0
1733183659.841664,2453,-1.0
1733183660.1646788,2455,0.03999999910593033
1733183660.474782,2457,0.0
1733183660.9517288,2460,0.0
1733183661.4459069,2463,0.043478261679410934
1733183661.611944,2464,0.0
1733183661.963617,2466,0.0
1733183662.2749069,2468,-1.0
1733183663.386816,2475,0.0
1733183664.034519,2479,0.0
1733183664.356815,2481,0.0
1733183664.657181,2483,-1.0
1733183664.9612749,2485,0.0
1733183665.112576,2486,-1.0
1733183665.429332,2488,0.0
1733183665.931435,2491,0.02097902074456215
1733183666.247905,2493,0.0
1733183666.734226,2496,0.0
1733183667.04554,2498,0.039603959769010544
1733183667.515349,2501,-1.0
1733183667.670114,2502,0.0
1733183667.8271072,2503,0.0
1733183669.4539719,2513,-1.0
1733183669.617694,2514,0.0
1733183669.9259799,2516,-1.0
1733183670.086955,2517,0.0
1733183670.244276,2518,0.0
1733183670.390796,2519,-1.0
1733183670.88824,2522,-1.0
1733183671.0459158,2523,0.0
1733183671.360918,2525,0.0
1733183671.830092,2528,-1.0
1733183672.13006,2530,0.0
1733183672.454321,2532,0.0
1733183672.814068,2534,-1.0
1733183674.272444,2543,-1.0
1733183674.4415429,2544,0.0
1733183674.901004,2547,0.0
1733183675.2258282,2549,-1.0
1733183675.556899,2551,0.0
1733183675.8816261,2553,0.0
1733183676.1870239,2555,-1.0
1733183676.337367,2556,0.0
1733183676.817201,2559,0.0
1733183677.751675,2565,0.0
1733183677.911789,2566,0.0
1733183678.5305579,2570,-1.0
1733183678.99771,2573,0.0
1733183679.473869,2576,-1.0
1733183679.797291,2578,0.0
1733183679.9576309,2579,-1.0
1733183680.604467,2583,0.0
1733183681.238145,2587,0.0
1733183681.721869,2590,0.0
1733183681.882387,2591,-1.0
1733183682.040033,2592,0.0
1733183682.1980171,2593,0.0
1733183682.674203,2596,1.0
1733183683.313552,2600,0.032258063554763794
1733183683.644078,2602,0.0
1733183684.277864,2606,0.0416666679084301
1733183684.446659,2607,0.0
1733183684.7640588,2609,-1.0
1733183684.9292521,2610,0.0
1733183685.719234,2615,-1.0
1733183686.2015932,2618,-1.0
1733183686.371694,2619,0.0
1733183686.695982,2621,-1.0
1733183687.017588,2623,0.0
1733183687.33037,2625,0.0
1733183687.484141,2626,0.0
1733183687.946932,2629,0.0
1733183688.0969322,2630,-1.0
1733183688.395782,2632,0.0
1733183688.8753269,2635,0.0
1733183689.033159,2636,-1.0
1733183689.3653471,2638,0.0
1733183690.329634,2644,0.0
1733183690.7972999,2647,0.0
1733183691.282331,2650,0.0
1733183691.4408479,2651,-1.0
1733183692.078927,2655,0.0
1733183693.023276,2661,0.0
1733183695.099085,2674,0.0
1733183695.7404292,2678,0.0
1733183696.068584,2680,0.0
1733183696.860405,2685,0.0
1733183697.328127,2688,0.0
1733183697.638047,2690,-1.0
1733183698.284708,2694,0.0
1733183699.080491,2699,-1.0
1733183699.731358,2703,0.0
1733183700.370503,2707,0.0
1733183700.866561,2710,0.0
1733183702.304169,2719,0.0
1733183703.29252,2725,0.0
1733183704.927422,2735,-1.0
1733183705.094284,2736,0.0
1733183705.253786,2737,0.0
1733183705.746725,2740,0.0
1733183705.905403,2741,-1.0
1733183706.711224,2746,0.0
1733183707.041384,2748,0.0
1733183707.684781,2752,0.0
1733183707.846168,2753,0.15000000596046448
1733183708.003356,2754,0.0
1733183708.170472,2755,0.03703703731298447
1733183708.322487,2756,-1.0
1733183708.4872801,2757,0.0
1733183708.6480849,2758,0.0
1733183709.9229581,2766,0.0
1733183710.411937,2769,0.0
1733183711.391074,2775,0.0
1733183712.044136,2779,0.0
1733183713.665281,2789,-1.0
1733183713.8289611,2790,0.0
1733183713.9869921,2791,0.0
1733183715.097266,2798,-1.0
1733183715.899413,2803,0.0
1733183716.3958058,2806,0.0
1733183716.7080991,2808,0.0
1733183716.8656461,2809,0.0
1733183717.030887,2810,-1.0
1733183717.191364,2811,0.0
1733183717.8339589,2815,0.0
1733183719.124395,2823,0.0
1733183719.285603,2824,0.0
1733183719.782893,2827,0.006410256493836641
1733183720.118243,2829,0.0
1733183720.2781272,2830,0.0
1733183720.606127,2832,0.0
1733183721.4182882,2837,-1.0
1733183722.566396,2844,0.0
1733183722.894903,2846,0.0
1733183723.3873532,2849,-1.0
1733183723.7008681,2851,0.0
1733183724.59477,2856,0.0
1733183725.0853179,2859,0.0
1733183725.583277,2862,0.0
1733183727.042502,2871,0.0
1733183727.207031,2872,0.0
1733183727.688766,2875,0.0
1733183728.1785731,2878,0.0
1733183728.507721,2880,0.013888888992369175
1733183728.670822,2881,0.023255813866853714
1733183729.691116,2887,0.0
1733183730.162928,2890,0.0
1733183730.334524,2891,-1.0
1733183730.659436,2893,0.0
1733183731.152645,2896,0.0
1733183731.479726,2898,0.0
1733183731.804854,2900,0.043478261679410934
1733183732.278784,2903,0.0
1733183732.437002,2904,0.0
1733183732.60462,2905,0.02500000037252903
1733183733.775147,2912,-1.0
1733183734.55404,2917,0.0
1733183734.891823,2919,0.0
1733183735.059563,2920,0.0
1733183735.245287,2921,-1.0
1733183735.951275,2925,0.0
1733183736.1102982,2926,0.0
1733183736.928886,2931,0.0
1733183737.0862138,2932,0.0
1733183737.7355032,2936,-1.0
1733183738.224403,2939,0.0
1733183738.394987,2940,0.03773584961891174
1733183738.7081048,2942,0.0
1733183739.857568,2949,0.0
1733183740.022198,2950,0.0
1733183740.834684,2955,0.0
1733183742.810174,2967,0.0
1733183743.622952,2972,-1.0
1733183743.9422941,2974,0.012658228166401386
1733183744.112694,2975,-1.0
1733183744.596905,2978,-1.0
1733183744.75889,2979,0.0
1733183746.1878002,2988,0.0
1733183747.177686,2994,0.0
1733183747.812279,2998,0.0
1733183747.9798641,2999,-1.0
